{
    "locale": "en",
    "date": {
        "ca": [
            "gregory",
            "chinese",
            "generic"
        ],
        "hourNo0": true,
        "hour12": true,
        "formats": {
            "short": "{1}, {0}",
            "medium": "{1}, {0}",
            "availableFormats": {
                "E": "ccc",
                "EHm": "E HH:mm",
                "EHms": "E HH:mm:ss",
                "Ed": "d E",
                "Ehm": "E h:mm a",
                "Ehms": "E h:mm:ss a",
                "Gy": "y G",
                "GyMMM": "MMM y G",
                "GyMMMEd": "E, MMM d, y G",
                "GyMMMd": "MMM d, y G",
                "H": "HH",
                "Hm": "HH:mm",
                "Hms": "HH:mm:ss",
                "Hmsv": "HH:mm:ss v",
                "Hmv": "HH:mm v",
                "M": "L",
                "MEd": "E, M/d",
                "MMM": "LLL",
                "MMMEd": "E, MMM d",
                "MMMd": "MMM d",
                "Md": "M/d",
                "d": "d",
                "h": "h a",
                "hm": "h:mm a",
                "hms": "h:mm:ss a",
                "hmsv": "h:mm:ss a v",
                "hmv": "h:mm a v",
                "ms": "mm:ss",
                "y": "y",
                "yM": "M/y",
                "yMEd": "E, M/d/y",
                "yMMM": "MMM y",
                "yMMMEd": "E, MMM d, y",
                "yMMMd": "MMM d, y",
                "yMd": "M/d/y",
                "yQQQ": "QQQ y",
                "yQQQQ": "QQQQ y"
            },
            "dateFormats": {
                "full": "EEEE, MMMM d, y",
                "long": "MMMM d, y",
                "medium": "MMM d, y",
                "short": "M/d/yy"
            },
            "timeFormats": {
                "full": "h:mm:ss a zzzz",
                "long": "h:mm:ss a z",
                "medium": "h:mm:ss a",
                "short": "h:mm a"
            }
        },
        "calendars": {
            "chinese": {
                "months": {
                    "narrow": [
                        "1",
                        "2",
                        "3",
                        "4",
                        "5",
                        "6",
                        "7",
                        "8",
                        "9",
                        "10",
                        "11",
                        "12"
                    ],
                    "short": [
                        "Mo1",
                        "Mo2",
                        "Mo3",
                        "Mo4",
                        "Mo5",
                        "Mo6",
                        "Mo7",
                        "Mo8",
                        "Mo9",
                        "Mo10",
                        "Mo11",
                        "Mo12"
                    ],
                    "long": [
                        "Month1",
                        "Month2",
                        "Month3",
                        "Month4",
                        "Month5",
                        "Month6",
                        "Month7",
                        "Month8",
                        "Month9",
                        "Month10",
                        "Month11",
                        "Month12"
                    ]
                },
                "days": {
                    "narrow": [
                        "S",
                        "M",
                        "T",
                        "W",
                        "T",
                        "F",
                        "S"
                    ],
                    "short": [
                        "Sun",
                        "Mon",
                        "Tue",
                        "Wed",
                        "Thu",
                        "Fri",
                        "Sat"
                    ],
                    "long": [
                        "Sunday",
                        "Monday",
                        "Tuesday",
                        "Wednesday",
                        "Thursday",
                        "Friday",
                        "Saturday"
                    ]
                },
                "dayPeriods": {
                    "am": "AM",
                    "pm": "PM"
                }
            },
            "generic": {
                "months": {
                    "narrow": [
                        "1",
                        "2",
                        "3",
                        "4",
                        "5",
                        "6",
                        "7",
                        "8",
                        "9",
                        "10",
                        "11",
                        "12"
                    ],
                    "short": [
                        "M01",
                        "M02",
                        "M03",
                        "M04",
                        "M05",
                        "M06",
                        "M07",
                        "M08",
                        "M09",
                        "M10",
                        "M11",
                        "M12"
                    ],
                    "long": [
                        "M01",
                        "M02",
                        "M03",
                        "M04",
                        "M05",
                        "M06",
                        "M07",
                        "M08",
                        "M09",
                        "M10",
                        "M11",
                        "M12"
                    ]
                },
                "days": {
                    "narrow": [
                        "S",
                        "M",
                        "T",
                        "W",
                        "T",
                        "F",
                        "S"
                    ],
                    "short": [
                        "Sun",
                        "Mon",
                        "Tue",
                        "Wed",
                        "Thu",
                        "Fri",
                        "Sat"
                    ],
                    "long": [
                        "Sunday",
                        "Monday",
                        "Tuesday",
                        "Wednesday",
                        "Thursday",
                        "Friday",
                        "Saturday"
                    ]
                },
                "eras": {
                    "narrow": [
                        "ERA0",
                        "ERA1"
                    ],
                    "short": [
                        "ERA0",
                        "ERA1"
                    ],
                    "long": [
                        "ERA0",
                        "ERA1"
                    ]
                },
                "dayPeriods": {
                    "am": "AM",
                    "pm": "PM"
                }
            },
            "gregory": {
                "months": {
                    "narrow": [
                        "J",
                        "F",
                        "M",
                        "A",
                        "M",
                        "J",
                        "J",
                        "A",
                        "S",
                        "O",
                        "N",
                        "D"
                    ],
                    "short": [
                        "Jan",
                        "Feb",
                        "Mar",
                        "Apr",
                        "May",
                        "Jun",
                        "Jul",
                        "Aug",
                        "Sep",
                        "Oct",
                        "Nov",
                        "Dec"
                    ],
                    "long": [
                        "January",
                        "February",
                        "March",
                        "April",
                        "May",
                        "June",
                        "July",
                        "August",
                        "September",
                        "October",
                        "November",
                        "December"
                    ]
                },
                "days": {
                    "narrow": [
                        "S",
                        "M",
                        "T",
                        "W",
                        "T",
                        "F",
                        "S"
                    ],
                    "short": [
                        "Sun",
                        "Mon",
                        "Tue",
                        "Wed",
                        "Thu",
                        "Fri",
                        "Sat"
                    ],
                    "long": [
                        "Sunday",
                        "Monday",
                        "Tuesday",
                        "Wednesday",
                        "Thursday",
                        "Friday",
                        "Saturday"
                    ]
                },
                "eras": {
                    "narrow": [
                        "B",
                        "A",
                        "BCE",
                        "CE"
                    ],
                    "short": [
                        "BC",
                        "AD",
                        "BCE",
                        "CE"
                    ],
                    "long": [
                        "Before Christ",
                        "Anno Domini",
                        "Before Common Era",
                        "Common Era"
                    ]
                },
                "dayPeriods": {
                    "am": "AM",
                    "pm": "PM"
                }
            }
        }
    },
    "number": {
        "nu": [
            "latn"
        ],
        "patterns": {
            "decimal": {
                "positivePattern": "{number}",
                "negativePattern": "-{number}"
            },
            "currency": {
                "positivePattern": "{currency}{number}",
                "negativePattern": "-{currency}{number}"
            },
            "percent": {
                "positivePattern": "{number}%",
                "negativePattern": "-{number}%"
            }
        },
        "symbols": {
            "latn": {
                "decimal": ".",
                "group": ",",
                "nan": "NaN",
                "percent": "%",
                "infinity": "∞"
            }
        },
        "currencies": {
            "AUD": "A$",
            "BRL": "R$",
            "CAD": "CA$",
            "CNY": "CN¥",
            "EUR": "€",
            "GBP": "£",
            "HKD": "HK$",
            "ILS": "₪",
            "INR": "₹",
            "JPY": "¥",
            "KRW": "₩",
            "MXN": "MX$",
            "NZD": "NZ$",
            "TWD": "NT$",
            "USD": "$",
            "VND": "₫",
            "XAF": "FCFA",
            "XCD": "EC$",
            "XOF": "CFA",
            "XPF": "CFPF"
        }
    }
}
